キーワード,カウント
バッグ,417
通勤,150
レディース,103
トート,101
大,100
通勤バッグ,97
トートバッグ,77
な,60
A4,49
容量,47
ブランド,46
大容量,46
軽い,46
レザー,44
ショルダー,42
軽量,39
ショルダーバッグ,37
おすすめ,34
自立,30
人気,29
バック,28
おしゃれ,27
性,27
ファスナー,26
大きめ,26
肩掛け,26
ランキング,25
レディース通勤バッグ,24
a4,24
通学,23
ビジネスバッグ,23
収納,22
女性,22
サイズ,20
リュック,20
高,18
ナイロン,18
ブラック,16
代,15
キャンバス,15
PC,14
大人,14
ファスナー付き,14
楽,14
オフィス,14
パソコン,14
シンプル,13
バックパック,13
楽天,11
2way,11
かわいい,11
通勤バッグブランド,10
革,10
縦,9
カジュアル,9
本,9
定番,9
ポケット,9
選び方,9
ハンドバッグ,9
メンズ,8
斜,8
送料無料,8
ドラマ,8
通販,8
スーツ,8
プレゼント,8
マチ,7
コーデ,7
営業,7
防水,7
入る,7
黒,7
めがけ,7
斜めがけ,7
上品,6
夏,6
皮,6
レディース通勤バッグブランド,6
仕切り,6
大きい,6
布,6
縦型,6
40代,6
中,5
合皮,5
ネイビー,5
スクエア,5
撥水,5
服,5
30代,5
3way,5
本革,5
あり,5
高見え,4
お弁当,4
ナイロントート,4
ハイブラ,4
グリーン,4
財布,4
ママ,4
セール,4
きれいめ,4
小さめ,4
弁当,4
ハイブランド,4
購入,4
ペットボトル,4
社会人,4
20代,4
ミニ,3
おしゃれな,3
人気ブランド,3
ハニーズ,3
仕事用バッグ,3
ロンシャン,3
可愛い,3
柔らかい,3
プチプラ,3
ロペ,3
色,3
使いやすい,3
斜めがけバッグ,3
おすすめブランド,2
雑誌,2
安い,2
ワンハンドル,2
雨,2
pc,2
トリーバーチ,2
口コミ,2
トプカピ,2
コーチ,2
冬,2
ロエベ,2
グレー,2
店,2
マチあり,2
ワンショルダー,2
フェイクレザー,2
プラダ,2
土屋鞄,2
マルイ,2
楽天市場,2
エース,2
縦長,2
底鋲,2
雑誌掲載,2
フルラ,2
イタリア,2
多機能,1
14インチ,1
ace,1
アニエスベー,1
高級,1
ネット,1
セリーヌ,1
サイドポケット,1
耐久性,1
ボストン,1
大きさ,1
海外,1
amazon,1
超軽量,1
マルジェラ,1
リスト,1
キルティング,1
ノートパソコン,1
茶色,1
大学生,1
ブラウン,1
サンローラン,1
レディースリュック,1
マイケルコース,1
斜め掛け,1
バレンシアガ,1
日本製,1
吉田カバン,1
ノートpc,1
マリメッコ,1
マッカートニー,1
会社,1
ヴィトン,1
ポケット多い,1
13インチ,1
マルニ,1
通勤バッグおすすめ,1
中身,1
ベージュ,1
機能的,1
ポーター,1
耐久,1
トッズ,1
チャールズアンドキース,1
牛革,1
柄,1
クロエ,1
ステラ,1
機能性,1
コスパ,1
高島屋,1
アウトレット,1
重さ,0
大容量通勤バッグ,0
イオン,0
ユニクロ,0
お手頃,0
40代通勤バッグレディース,0
白,0
アラサー,0
ホワイト,0
tods,0
zozotown,0
マークジェイコブス,0
ブランド通勤バッグレディース,0
pcが入る通勤バッグ,0
お弁当が入る通勤バッグレディース,0
zozo,0
チャック付き,0
渋谷,0
どこで買う,0
持ち手太い,0
軽い通勤バッグ,0
一万円以下,0
ピンク,0
使いやすい通勤バッグ,0
通勤バッグとして,0
お弁当が入る通勤バッグレディース軽い,0
ボッテガ,0
自転車通勤,0
2万円~3万円,0
通勤バッグレディース,0
porter,0
50代通勤バッグ,0
本革通勤バッグ,0
水筒,0
coach,0
50代,0
フェリシモ,0
が入るバッグ,0
イルビゾンテ,0
お弁当が入る通勤バッグレディースプチプラ,0
通勤バッグリュック,0
10万円以下,0
プラダ通勤バッグレディース,0
新入社員,0
二万円,0
ビームス,0
ルイヴィトン,0
通勤バッグレディース軽い,0
お弁当が入る,0
ラコステ,0
相場,0
2万円,0
バイカラー,0
肩が痛くならない通勤バッグ,0
肩が痛く,0
コンパクト,0
5万円,0
ナイロン通勤バッグ,0
お弁当が入る通勤バッグ,0
通勤バッグパック,0
値段,0
軽いa4,0
40代通勤バッグ,0
2万,0
車通勤,0
横浜駅,0
私服通勤,0
便利,0
ノートpc収納,0
通勤バッグ大容量,0
ジャンニキアリーニ,0
キャメル,0
tumi,0
軽いリュック,0
コンパクトレディース,0
広め,0
大型,0
マザーハウス,0
ベルメゾン,0
ラルフ,0
b5,0
モード,0
お弁当と水筒が入る通勤バッグ,0
N/A,0
レディーストートバッグ,0
ならない,0
＋＋,0
ミニマ,0
代ブランド,0
ポケットたくさん,0
かっこいい,0
パソコンが入るバッグ,0
梅田,0
ビニール,0
緑,0
青山,0
キタムラ,0
丈夫,0
ツーウェイ,0
赤,0
韓国,0
博多,0
メルカリ,0
3万,0
チャック,0
リュックにもなる,0
無印,0
長持ち,0
グレージュ,0
マリークワント,0
vis,0
レディース20代,0
有名,0
1万,0
pc収納,0
小さい,0
5000円以下,0
レディース通勤バッグ軽量,0
電車通勤,0
1万円以下,0
軽量通勤バッグレディース,0
低,0
サマンサ,0
マンハッタンポーテージ,0
5000円,0
バーバリー,0
通勤バッグa4,0
パソコンが入る,0
アーバン,0
荷物が多い,0
水色,0
20代後半,0
マッキントッシュ,0
ipad,0
アクセサリー,0
弁当が入る,0
＋,0
1万円,0
自転車,0
パソコン入る,0
五万円,0
ジム,0
40代女性,0
エルメス,0
外ポケット,0
ケイトスペード,0
看護師,0
16インチ,0
ラルフローレン,0
新社会人,0
中身レディース,0
サマンサタバサ,0
一万円,0
a4通勤バッグレディース,0
中古,0
馬,0
おしゃれ通勤バッグ,0
通勤バッグレディースブランド,0
＋α,0
新卒,0
レディースa4,0
3万円,0
バイマ,0
ノースフェイス,0
お弁当入る,0
車,0
雨の日通勤バッグ,0
メーカー,0
オロビアンコ,0
リサーチ,0
お弁当はいる,0
自転車通勤バッグ,0
何色,0
ユナイテッドアローズ,0
gu,0
zara,0
弁当はいる,0
a4サイズ,0
通勤バッグ人気レディース,0
しまむら,0
洗える,0
ポールスミス,0
10000円,0
通勤バッグ大容量レディースブランド,0
リボン,0
レディース通勤バッグ人気,0
レディースブランド,0
個性的,0
百貨店,0
10万,0
レディース50代,0
オンワード,0
通勤バッグレディース人気,0
通勤バッグブランドレディース,0
ローレン,0
新宿,0
頑丈,0
店舗,0
グッチ,0
60代,0
1万円台,0
ジルスチュアート,0
知恵袋,0
アラフォー,0
通勤バッグおしゃれレディース,0
マチ広め,0
フランス,0
ワークマン,0
帆布,0
